ROZMIAR	ILOŚC	CENA
A5	1001	1.000000
A6	162	2.000000
B4	17	4.000000
B5	140	1.000000
B6	14	0.000000
C2	12	5.000000
C3	2050	2.000000
