ROZMIAR	ILOŚC	CENA
A6	505	2.590000
B4	559	4.290000
B5	137	1.890000
B6	10	1.790000
C2	11	5.790000
C3	2059	5.990000
