ROZMIAR	ILOŚC	CENA
A5	1000	3.890000
A6	160	2.590000
B4	10	4.290000
B5	138	1.890000
B6	11	1.790000
C2	12	5.790000
C3	2060	5.990000
