ROZMIAR	ILOŚC	CENA
A5	1001	1.000000
A6	161	2.000000
B4	13	4.000000
B5	138	1.000000
B6	11	0.000000
C2	12	5.000000
C3	2050	2.000000
