ROZMIAR	ILOŚC	CENA
A6	505	2.590000
B4	5058	4.290000
B5	135	1.890000
B6	9	1.790000
C2	11	5.790000
C3	2059	5.990000
