NAZWA	ILOSC	CENA
Linijka	7	1.990000
Ekierka	3	2.980000
Cyrkiel	0	1.000000
Kredki_bambino	0	5.990000
Kredki_woskowe	11	7.980000
Kredki_olowkowe	25	4.790000
Olowek	94	1.000000
Bibula	198	3.990000
Blok_kolorowy	5	5.680000
Blok_rysunkowy	85	3.970000
Papier_samoprzylepny	34	7.900000
Cyrkiel	321	3.890000
Gumka	1500	3.910000
Strugiwaczka	449	1.980000
